28°39′07″N,28.65184893,76°51′40″E,76.86107877,24.2647,256.2°
28°47′47″N,28.79646573,77°18′20″E,77.305658,22.3163,62.541°
28°43′36″N,28.72675027,76°51′11″E,76.85310501,24.4579,275.972°
28°40′55″N,28.68199823,76°55′06″E,76.91821473,18.1477,262.259°
28°35′51″N,28.59746549,77°00′34″E,77.00941638,14.9406,217.476°
28°44′55″N,28.74853745,76°51′59″E,76.866615,23.5325,282.181°
28°44′31″N,28.74188017,76°53′25″E,76.89036892,21.1137,281.531°
28°43′45″N,28.72930268,77°20′52″E,77.3477205,24.084,83.257°
28°41′16″N,28.68783255,76°51′12″E,76.853207,24.3896,265.805°
28°44′28″N,28.74117053,76°52′55″E,76.88193915,21.9052,280.902°
28°48′56″N,28.81558067,76°53′37″E,76.89373004,23.8354,301.397°
28°30′49″N,28.51362077,77°05′50″E,77.09734103,21.1923,181.363°
28°42′08″N,28.70210579,77°05′14″E,77.08714027,1.5148,261.584°
28°30′09″N,28.50255008,77°04′26″E,77.07381411,22.592,187.129°
28°46′31″N,28.7753358,76°54′36″E,76.90991664,20.3845,292.919°
28°41′45″N,28.69573905,77°10′42″E,77.17830731,7.4541,97.149°
28°30′02″N,28.50047741,77°08′59″E,77.14964485,23.1114,168.498°
28°37′05″N,28.61816576,77°06′48″E,77.11342507,9.6174,173.632°
28°41′07″N,28.68519024,77°11′53″E,77.19797423,9.5496,102.701°
28°40′15″N,28.67088813,77°20′58″E,77.34932997,24.3657,98.661°
28°33′27″N,28.55753462,76°56′54″E,76.94842207,22.1814,222.735°
28°53′42″N,28.89500895,77°10′19″E,77.17193962,22.2867,17.663°
28°33′50″N,28.56379414,76°58′06″E,76.96842264,20.3681,220.02°
28°51′41″N,28.86152025,77°03′29″E,77.05816159,18.0349,346.144°
28°44′00″N,28.73323223,77°14′44″E,77.24565824,14.3353,76.902°
28°46′02″N,28.76715374,77°09′21″E,77.1557307,8.7257,36.498°
28°48′22″N,28.80600222,77°13′52″E,77.23110557,16.9034,47.861°
28°51′08″N,28.85233348,77°10′48″E,77.18000088,18.1362,24.601°
28°37′58″N,28.63280438,76°57′33″E,76.9591913,16.0774,240.481°
28°43′08″N,28.71894682,76°55′09″E,76.91926807,17.9506,275.322°
28°54′44″N,28.91228799,77°04′08″E,77.06900034,23.385,351.982°
28°47′54″N,28.79838299,76°57′52″E,76.96437154,17.0704,307.936°
28°43′24″N,28.72342367,76°56′44″E,76.94567981,15.4479,278.035°
28°45′39″N,28.76097033,77°07′55″E,77.13201185,6.9496,24.46°
28°32′43″N,28.54514991,77°03′16″E,77.05448247,18.2904,194.863°
28°31′19″N,28.52186913,77°04′05″E,77.06816828,20.5442,189.399°
28°47′34″N,28.79268302,77°05′59″E,77.09990173,9.856,358.528°
28°32′35″N,28.54298106,76°57′33″E,76.95916057,22.7376,218.021°
28°46′41″N,28.77803239,77°11′56″E,77.19890201,12.4903,48.801°
28°50′39″N,28.84424951,77°00′27″E,77.0074328,18.1355,329.288°
28°39′49″N,28.66362682,77°05′11″E,77.08648058,4.7653,199.152°
28°49′36″N,28.82663077,77°18′02″E,77.30053496,23.6339,54.737°
28°50′38″N,28.84379973,77°16′52″E,77.28116428,23.3418,48.222°
28°39′52″N,28.66441869,77°00′51″E,77.01412642,9.6871,242.916°
28°29′00″N,28.48330705,77°03′29″E,77.05792078,24.9409,190.064°
28°51′16″N,28.85438948,77°16′29″E,77.27463936,23.6864,45.07°
28°49′10″N,28.81948316,76°55′32″E,76.92552581,21.5049,306.682°
28°49′14″N,28.82053706,77°10′42″E,77.17828304,14.9105,29.689°
28°42′59″N,28.71673827,77°12′45″E,77.21259674,10.8318,82.517°
28°41′59″N,28.69969843,77°19′07″E,77.31857884,21.0863,91.278°
28°32′46″N,28.54619295,77°15′08″E,77.25235052,22.8586,140.17°
28°46′10″N,28.76956924,77°14′55″E,77.24860332,16.0019,62.896°
28°46′01″N,28.76694592,77°11′14″E,77.18710224,10.814,49.709°
28°37′35″N,28.6264769,77°04′49″E,77.08029844,8.9015,194.093°
28°43′42″N,28.72828444,76°57′43″E,76.96198917,13.9678,281.137°
28°45′59″N,28.76647486,76°58′56″E,76.98223843,13.6272,300.633°
28°42′57″N,28.71590394,76°54′29″E,76.90812027,19.0076,274.007°
28°45′16″N,28.75433051,76°51′44″E,76.86214744,24.0992,283.463°
28°51′20″N,28.85555008,77°12′56″E,77.21559237,20.1324,33.177°
28°49′40″N,28.82784703,77°15′04″E,77.25104337,19.9801,46.423°
28°49′24″N,28.82327032,76°59′47″E,76.9964549,16.8107,322.069°
28°54′49″N,28.9135446,77°09′32″E,77.15898469,23.9374,13.282°
28°39′21″N,28.65575179,77°04′13″E,77.07014085,6.2361,210.428°
28°42′41″N,28.7112541,76°51′10″E,76.85285876,24.3666,271.931°
28°50′12″N,28.83665917,77°02′12″E,77.03652859,16.0859,336.447°
28°53′55″N,28.89872173,77°00′41″E,77.01137748,23.3982,337.714°
28°35′31″N,28.59200236,77°05′59″E,77.10008136,12.4704,181.085°
28°49′07″N,28.81851702,77°07′42″E,77.12829416,12.9723,11.173°
28°42′15″N,28.70429451,77°17′07″E,77.28530761,17.8343,89.887°
28°38′34″N,28.64276665,77°11′38″E,77.19387397,11.2271,127.396°
28°39′46″N,28.66291053,77°00′11″E,77.00295219,10.7398,244.773°
28°29′38″N,28.49391345,77°01′42″E,77.0282491,24.4769,197.25°
28°33′40″N,28.56108336,77°13′21″E,77.22262135,19.7625,143.574°
28°43′39″N,28.72740809,77°18′55″E,77.31515666,20.9054,82.825°
28°48′12″N,28.80338955,77°18′47″E,77.31296206,23.3052,61.664°
28°45′10″N,28.75269842,76°54′11″E,76.90318296,20.1779,285.587°
28°51′05″N,28.85150084,77°12′18″E,77.20491205,19.1956,31.316°
28°29′59″N,28.49967897,77°06′22″E,77.10620806,22.7399,179.087°
28°37′34″N,28.62624664,77°06′30″E,77.10824704,8.6775,176.293°
28°48′38″N,28.81058278,77°12′38″E,77.21058421,15.8539,41.638°
28°51′35″N,28.8596815,77°10′11″E,77.16978613,18.5062,20.743°
28°39′47″N,28.66317389,77°12′46″E,77.21276269,11.6824,112.906°
28°32′29″N,28.5412751,76°57′03″E,76.95083723,23.3933,219.306°
28°36′23″N,28.60648142,77°13′12″E,77.21996415,15.7903,133.414°
28°37′18″N,28.62167385,77°03′28″E,77.0577484,10.1552,205.484°
28°54′01″N,28.90017625,77°13′18″E,77.22177475,24.7138,28.031°
28°33′51″N,28.56429288,77°06′27″E,77.10748334,15.5578,178.207°
28°48′13″N,28.80362041,76°52′36″E,76.87655005,24.657,296.729°
28°31′09″N,28.51913864,77°01′40″E,77.02786268,21.8253,199.525°
28°36′07″N,28.60199981,77°01′58″E,77.03271192,13.2425,210.973°
28°35′32″N,28.59210502,77°05′19″E,77.08871597,12.5292,186.168°
28°50′43″N,28.84529928,76°58′27″E,76.97417601,20.0789,321.49°
28°35′58″N,28.59955687,77°10′29″E,77.17483783,13.6037,148.716°
28°37′03″N,28.61749181,77°03′34″E,77.05938101,10.5122,203.609°
28°53′26″N,28.89057728,77°09′59″E,77.16639132,21.6559,16.697°
28°44′25″N,28.74040575,76°57′27″E,76.9575237,14.7064,285.972°
28°43′53″N,28.73133887,76°53′46″E,76.89613563,20.3566,278.609°
28°40′47″N,28.67964541,76°54′02″E,76.90054759,19.8912,262.189°
28°41′54″N,28.69840872,76°58′28″E,76.97454276,12.4996,267.128°
28°41′47″N,28.69644064,77°08′59″E,77.14973607,4.6865,100.462°
28°45′24″N,28.75664073,76°58′01″E,76.96687314,14.4615,293.867°
28°30′17″N,28.50483831,77°03′31″E,77.05849676,22.5758,190.983°
28°41′27″N,28.69085648,77°18′43″E,77.31186645,20.4797,94.074°
28°44′55″N,28.74863831,76°55′06″E,76.91828529,18.6382,285.458°
28°46′35″N,28.7764506,77°00′13″E,77.00369678,12.5541,309.891°
28°39′52″N,28.66434534,76°52′05″E,76.86798309,23.3066,259.12°
28°49′21″N,28.82247455,77°02′35″E,77.04316691,14.3813,336.294°
28°30′24″N,28.50667136,76°59′18″E,76.98825308,24.6307,206.96°
28°43′33″N,28.72576414,77°00′25″E,77.00700315,9.6221,284.526°
28°43′55″N,28.73202665,77°10′02″E,77.16709946,7.0253,63.744°
28°39′36″N,28.65994898,77°15′44″E,77.26216734,16.3357,107.456°
28°42′22″N,28.70607824,76°54′33″E,76.90904722,18.8739,270.714°
28°33′30″N,28.55840941,77°07′11″E,77.11973439,16.2917,174.068°
28°29′43″N,28.49520228,77°10′56″E,77.18212583,24.5015,161.477°
28°31′04″N,28.51787719,77°12′32″E,77.20897412,23.1757,153.321°
28°33′14″N,28.55379777,77°02′47″E,77.04651319,17.5884,198.119°
28°42′46″N,28.71277879,77°07′28″E,77.12441458,2.3457,65.694°
28°33′36″N,28.55999136,76°54′27″E,76.90738933,24.8944,229.966°
28°31′20″N,28.52216681,77°13′42″E,77.22842504,23.6784,148.686°
28°44′51″N,28.74743561,77°08′50″E,77.14732232,6.5074,42.198°
28°54′50″N,28.91398537,77°02′51″E,77.047366,23.9552,347.051°
28°53′24″N,28.89000204,77°11′27″E,77.1908906,22.4003,22.599°
28°39′54″N,28.66507947,77°15′37″E,77.26027575,15.9952,105.706°
28°32′38″N,28.54402099,76°58′07″E,76.96854317,22.0922,216.331°
28°38′43″N,28.64522356,76°58′08″E,76.96902492,14.5788,243.34°
28°40′48″N,28.68009654,77°06′22″E,77.10618269,2.6939,172.334°
28°41′48″N,28.69675941,76°59′33″E,76.99238763,10.7737,265.68°
28°32′37″N,28.54353966,76°56′02″E,76.93375159,24.2974,222.733°
28°44′29″N,28.74145424,77°01′40″E,77.0277265,8.3938,299.686°
28°54′22″N,28.90599807,77°08′36″E,77.14346675,22.8086,10.072°
28°36′51″N,28.61429642,76°59′16″E,76.9878964,14.996,228.262°
28°34′18″N,28.57164905,77°06′12″E,77.10337256,14.7323,179.669°
28°51′01″N,28.85028532,77°14′15″E,77.23758946,20.9242,38.974°
28°41′26″N,28.69053684,77°08′32″E,77.14227205,4.1633,111.235°
28°39′33″N,28.65912988,76°55′27″E,76.92424124,18.0992,254°
28°29′24″N,28.48991122,77°07′54″E,77.13176239,23.9942,173.153°
28°47′58″N,28.79931613,77°04′13″E,77.07033365,11.0453,343.51°
28°39′41″N,28.66139745,77°05′57″E,77.09925221,4.7602,183.818°
28°50′51″N,28.84754662,77°10′20″E,77.17211496,17.3385,23.027°
28°38′25″N,28.64019883,77°02′23″E,77.03961886,9.39,220.822°
28°42′55″N,28.71515177,76°51′43″E,76.86200337,23.4933,273.057°
28°41′27″N,28.69093129,77°20′21″E,77.33922102,23.1419,93.572°
28°46′45″N,28.77926779,77°03′30″E,77.05841553,9.4013,332.797°
28°52′42″N,28.87825109,77°13′49″E,77.23022299,23.0262,32.7°
28°54′56″N,28.9154989,77°10′06″E,77.16841619,24.3749,15.265°
28°35′19″N,28.58872089,77°00′02″E,77.00064337,16.234,217.791°
28°47′55″N,28.79868142,77°17′28″E,77.29097601,21.1768,60.168°
28°46′42″N,28.77843035,77°16′07″E,77.26867297,18.1928,62.931°
28°46′36″N,28.77668444,76°54′46″E,76.91273263,20.1912,293.614°
28°45′09″N,28.75262959,77°12′58″E,77.21611213,12.3259,64.001°
28°43′24″N,28.72342942,77°10′08″E,77.16891544,6.8262,71.626°
28°28′52″N,28.48121205,77°07′38″E,77.12723124,24.9084,174.43°
28°41′47″N,28.69652307,77°00′34″E,77.00936267,9.1256,264.724°
28°39′26″N,28.65730106,77°08′30″E,77.14172847,6.4612,143.66°
28°35′57″N,28.59919114,77°15′56″E,77.2656588,19.7427,126.191°
28°45′09″N,28.75248325,77°15′09″E,77.25248247,15.587,69.767°
28°51′33″N,28.85925402,77°06′16″E,77.10439145,17.2582,0.612°
28°42′27″N,28.70747079,76°52′15″E,76.8708406,22.6029,271.006°
28°38′21″N,28.6390905,76°54′18″E,76.90496163,20.5889,249.487°
28°48′05″N,28.80142204,77°03′23″E,77.05625841,11.7264,337.397°
28°52′43″N,28.87850987,76°56′41″E,76.94473544,24.755,321.633°
28°37′45″N,28.62904556,76°55′52″E,76.93122093,18.6842,243.503°
28°54′57″N,28.91570698,77°09′47″E,77.16299847,24.2635,14.049°
28°50′30″N,28.84178494,76°59′06″E,76.98500571,19.1243,323.232°
28°44′13″N,28.73682289,77°21′12″E,77.3534696,24.7493,81.483°
28°42′58″N,28.71609517,77°01′40″E,77.02764872,7.4228,280.373°
28°39′09″N,28.65242484,76°59′30″E,76.99170768,12.2442,242.03°
28°40′46″N,28.67956836,76°54′37″E,76.91035819,18.9447,261.765°
28°47′08″N,28.78564237,77°05′14″E,77.08734375,9.1893,350.748°
28°52′20″N,28.87214334,77°07′18″E,77.12171528,18.7845,5.718°
28°48′45″N,28.8125232,77°01′44″E,77.02894354,14.0312,329.276°
28°31′57″N,28.53261801,77°12′15″E,77.20426851,21.5064,152.458°
28°35′02″N,28.5840257,77°05′08″E,77.08546912,13.4585,187.1°
28°30′47″N,28.51318327,77°05′32″E,77.09212654,21.2591,182.733°
28°50′49″N,28.84686949,77°06′12″E,77.10343419,15.88,0.328°
28°35′51″N,28.59744488,77°08′37″E,77.14363828,12.524,161.29°
28°35′54″N,28.59819819,76°54′53″E,76.91476544,21.7836,237.312°
28°42′03″N,28.70090927,76°52′23″E,76.87308644,22.3843,269.147°
28°31′18″N,28.52167658,77°00′20″E,77.00568506,22.3844,205.004°
28°50′32″N,28.84224483,77°12′29″E,77.20809277,18.4952,33.796°
28°52′21″N,28.87256928,77°13′18″E,77.22157109,22.0418,31.747°
28°39′29″N,28.65792826,77°12′04″E,77.20102474,10.8996,118.086°
28°52′16″N,28.87106616,77°01′29″E,77.02475451,20.0579,337.819°
28°40′12″N,28.67009063,77°09′46″E,77.1628564,6.9994,122.699°
28°34′55″N,28.58182799,77°04′17″E,77.07140157,13.9345,192.59°
28°52′47″N,28.87976404,77°11′32″E,77.19229578,21.4095,24.11°
28°54′32″N,28.90893455,77°01′11″E,77.01976219,24.1679,340.529°
28°38′19″N,28.63860725,76°57′52″E,76.96456606,15.3054,241.612°
28°39′06″N,28.65157069,77°06′25″E,77.10695808,5.8588,175.741°
28°43′11″N,28.71982442,77°15′38″E,77.26066148,15.5276,83.495°
28°43′59″N,28.73314836,76°54′45″E,76.91242107,18.8205,279.931°
28°38′20″N,28.638968,76°57′05″E,76.95128029,16.4395,243.89°
28°46′10″N,28.76930898,76°54′03″E,76.90076145,20.9693,290.284°
28°50′34″N,28.84274245,77°05′54″E,77.09835206,15.426,358.499°
28°52′10″N,28.86934842,77°04′01″E,77.06685245,18.7056,349.303°
28°51′20″N,28.85548292,76°59′52″E,76.99767039,19.6964,328.77°
28°49′17″N,28.82144047,76°59′40″E,76.99431326,16.7812,321.08°
28°31′40″N,28.52778275,77°03′09″E,77.05236839,20.2128,194.026°
28°52′26″N,28.87377441,77°05′06″E,77.08496465,18.9495,354.829°
28°52′09″N,28.86924589,76°58′05″E,76.96807578,22.5635,324.529°
28°35′32″N,28.59221793,77°11′26″E,77.19053983,15.1231,145.351°
28°36′41″N,28.61148098,77°18′08″E,77.3022967,22.0542,117.799°
28°48′31″N,28.80864823,76°52′56″E,76.88228159,24.4198,298.49°
28°48′58″N,28.81603002,77°07′26″E,77.12375992,12.621,9.448°
28°33′38″N,28.56058,76°58′14″E,76.97049835,20.5156,218.945°
28°55′23″N,28.92295946,77°03′35″E,77.05959178,24.6995,350.263°
28°51′44″N,28.86212925,77°16′36″E,77.27669485,24.44,43.97°
28°39′30″N,28.65839714,76°56′37″E,76.94372828,16.3055,251.873°
28°49′07″N,28.81857409,77°14′48″E,77.24653577,18.9567,47.77°
28°39′50″N,28.66396388,76°56′30″E,76.94158517,16.3238,254.167°
28°38′44″N,28.64545665,77°20′18″E,77.33845934,23.9322,105.759°
28°41′44″N,28.69567061,76°54′47″E,76.91318638,18.4936,267.139°
28°29′24″N,28.48986587,77°06′26″E,77.10734151,23.8332,178.862°
28°36′11″N,28.60315632,77°00′24″E,77.00677785,14.6065,219.788°
28°46′29″N,28.77470462,76°56′46″E,76.94608156,17.1574,297.277°
28°37′23″N,28.62292707,77°11′38″E,77.19392294,12.6935,135.317°
28°40′15″N,28.67069927,76°56′30″E,76.9416293,16.1303,256.723°
28°43′21″N,28.72261813,77°15′38″E,77.26048047,15.5479,82.349°
28°31′07″N,28.51856235,76°59′08″E,76.98563724,23.5814,208.968°
28°40′45″N,28.67908696,76°54′15″E,76.90406729,19.5599,261.87°
28°51′31″N,28.85863363,77°13′52″E,77.23109706,21.2743,36.075°
28°41′44″N,28.69563004,77°17′25″E,77.29033819,18.35,92.898°
28°51′59″N,28.86631104,76°57′02″E,76.95044461,23.3502,320.631°
28°46′30″N,28.77510524,77°06′13″E,77.10358586,7.8984,0.768°
28°41′47″N,28.69644009,77°21′01″E,77.35018478,24.1795,91.96°
28°52′35″N,28.87644983,76°56′53″E,76.94814559,24.3694,321.909°
28°48′57″N,28.81588962,76°53′09″E,76.88590647,24.5075,300.54°
28°42′50″N,28.71394549,76°56′11″E,76.93643616,16.237,273.907°
28°38′17″N,28.63796888,76°52′54″E,76.8816202,22.7758,251.211°
28°38′16″N,28.63770965,77°07′31″E,77.12516957,7.7086,163.317°
28°42′52″N,28.71440379,77°04′54″E,77.08155131,2.343,299.289°
28°44′29″N,28.74140647,77°16′27″E,77.27419064,17.2532,76.042°
28°34′32″N,28.57563115,76°58′55″E,76.98184425,18.5176,219.527°
28°50′26″N,28.84045003,77°00′50″E,77.01397962,17.4493,330.379°
28°52′58″N,28.88265846,77°07′45″E,77.12914333,20.0295,7.444°
28°30′15″N,28.50430481,77°12′29″E,77.20799584,24.4942,155.104°
28°40′17″N,28.67151785,76°57′23″E,76.95640615,14.7083,255.771°
28°54′02″N,28.90061016,76°59′27″E,76.99093667,24.4125,333.577°
28°36′34″N,28.60937187,77°05′57″E,77.09921156,10.5411,181.746°
28°36′52″N,28.61436935,77°03′21″E,77.05590677,10.9676,204.507°
28°37′24″N,28.6232944,77°17′12″E,77.28659756,20.0897,116.531°
28°37′40″N,28.62765374,77°00′37″E,77.01033537,12.3775,226.632°
28°37′55″N,28.63192257,76°55′16″E,76.92117345,19.4318,245.641°
28°41′08″N,28.68552862,76°52′47″E,76.87963225,21.8423,264.627°
28°49′59″N,28.83332752,77°04′58″E,77.08281444,14.5011,352.399°
28°43′23″N,28.72305986,77°18′33″E,77.30910406,20.2641,83.977°
28°31′20″N,28.52212863,77°03′32″E,77.05899862,20.6809,191.863°
28°33′10″N,28.55285779,76°56′55″E,76.94850777,22.5611,221.824°
28°54′26″N,28.90728441,77°12′06″E,77.20171535,24.5813,23.141°
28°29′32″N,28.49212096,77°05′07″E,77.08524154,23.6378,184.093°
28°46′23″N,28.77317046,77°05′52″E,77.09769184,7.6967,356.508°
28°36′58″N,28.61620033,76°52′44″E,76.8789725,23.9066,245.914°
28°50′17″N,28.83796757,77°01′31″E,77.02529222,16.6842,333.2°
28°32′42″N,28.54506526,77°12′28″E,77.20764855,20.452,149.846°
28°34′27″N,28.57410186,77°07′43″E,77.12858963,14.6818,170.004°
28°28′58″N,28.48268393,77°06′09″E,77.10247999,24.6273,180.005°
28°50′16″N,28.83764043,77°09′51″E,77.16424476,16.0267,22.047°
28°35′39″N,28.59412309,76°54′51″E,76.91416421,22.0811,236.405°
28°32′49″N,28.54705071,77°01′57″E,77.03246438,18.7586,201.394°
28°43′36″N,28.72676861,76°57′10″E,76.952752,14.8235,279.829°
28°42′40″N,28.71116772,77°10′36″E,77.17672074,7.2831,83.786°
28°36′46″N,28.61264223,77°01′49″E,77.03039567,12.3695,214.693°
28°50′36″N,28.84331475,77°17′46″E,77.29600818,24.4065,50.575°
28°47′01″N,28.78356653,76°56′15″E,76.93738238,18.3688,298.802°
28°31′52″N,28.53122631,77°04′30″E,77.07489805,19.416,187.985°
28°42′02″N,28.70069079,76°53′20″E,76.88883293,20.8487,269.009°
28°44′04″N,28.7344307,76°57′38″E,76.96050287,14.2559,283.723°
28°43′01″N,28.71700742,77°08′37″E,77.14363252,4.2617,70.304°
28°53′19″N,28.88853517,77°10′02″E,77.16734011,21.4655,17.108°
28°52′11″N,28.86963123,77°10′52″E,77.18104248,19.9399,22.561°
28°41′31″N,28.69188325,76°51′39″E,76.86075717,23.6244,266.761°
28°51′09″N,28.85253483,77°02′26″E,77.04049599,17.5816,339.906°
28°49′06″N,28.81819451,76°58′53″E,76.98145618,17.3303,317.105°
28°32′23″N,28.53977237,77°01′50″E,77.03065226,19.5774,201.014°
28°38′23″N,28.639688,77°07′58″E,77.13278478,7.75,157.576°
28°31′26″N,28.52385165,77°02′18″E,77.0383491,21.0041,197.366°
28°37′49″N,28.63033158,76°56′35″E,76.94299651,17.5964,242.245°
28°55′01″N,28.91704757,77°09′54″E,77.16505522,24.4574,14.419°
28°33′34″N,28.55955567,77°15′55″E,77.26539386,22.6134,135.274°
28°34′09″N,28.56928996,76°58′09″E,76.96904221,19.8637,221.018°
28°53′54″N,28.89826106,77°10′31″E,77.17537275,22.7338,18.188°
28°36′12″N,28.60346517,76°57′42″E,76.9615984,17.732,230.892°
28°29′30″N,28.49160588,77°09′08″E,77.15235664,24.1312,168.348°
28°33′12″N,28.55338992,77°08′31″E,77.14187343,17.198,167.075°
28°38′14″N,28.63719785,76°52′40″E,76.87783323,23.1534,251.307°
28°36′17″N,28.60464711,77°13′18″E,77.22156448,16.0442,133.559°
28°54′30″N,28.90821948,77°10′21″E,77.1724264,23.7043,16.692°
28°34′06″N,28.5683448,77°04′54″E,77.08174308,15.2349,187.648°
28°41′38″N,28.69388241,76°54′38″E,76.91069143,18.7478,266.571°
28°31′43″N,28.5285038,77°10′05″E,77.1680737,20.5536,161.834°
28°29′42″N,28.49508698,77°10′32″E,77.1756575,24.3207,162.9°
28°54′37″N,28.91016671,77°01′41″E,77.02814919,24.0383,342.473°
28°53′47″N,28.89633017,77°05′45″E,77.0958319,21.3909,358.261°
28°37′24″N,28.62333065,76°56′30″E,76.94153457,18.0968,240.275°
28°46′57″N,28.78260159,77°05′50″E,77.09713687,8.7471,356.573°
28°50′45″N,28.84586361,77°07′59″E,77.13295302,16.0449,10.656°
28°54′30″N,28.90832605,77°03′58″E,77.06608144,22.9909,351.128°
28°41′20″N,28.68890363,77°09′00″E,77.15000913,4.9338,110.023°
28°45′10″N,28.75266864,76°57′38″E,76.96042836,14.8728,291.332°
28°52′45″N,28.87929813,77°04′10″E,77.06951388,19.7501,350.638°
28°38′44″N,28.64561523,77°02′04″E,77.0344,9.2994,225.628°
28°30′13″N,28.50373013,77°00′32″E,77.00899348,24.0844,202.302°
28°53′45″N,28.89593032,77°13′58″E,77.2326751,24.824,30.707°
28°50′23″N,28.83963386,77°14′48″E,77.2466296,20.6084,42.954°
28°40′48″N,28.67993958,77°19′41″E,77.32806548,22.1717,96.907°
28°43′02″N,28.71730051,76°54′38″E,76.91054175,18.7833,274.529°
28°31′53″N,28.53152282,77°07′41″E,77.12796173,19.3554,172.614°
28°30′55″N,28.51526257,77°06′59″E,77.11657185,21.0486,176.254°
28°33′40″N,28.56099225,77°05′09″E,77.08591445,15.9995,185.812°
28°40′39″N,28.67761563,76°59′02″E,76.98384684,11.9459,255.753°
28°51′36″N,28.85992408,76°59′50″E,76.99730319,20.1384,329.413°
28°45′02″N,28.75068415,77°06′42″E,77.11172468,5.2589,9.849°
28°39′51″N,28.66420731,76°54′28″E,76.90786052,19.5037,256.897°
28°39′31″N,28.65867363,76°58′27″E,76.97427547,13.4937,248.041°
28°40′40″N,28.677654,77°06′55″E,77.11526291,3.1942,157.052°
28°52′36″N,28.87665119,77°14′19″E,77.23851584,23.3266,34.605°
28°41′00″N,28.68339134,77°01′24″E,77.02336181,8.0576,253.409°
28°39′51″N,28.66428241,77°05′39″E,77.09403923,4.5051,190.561°
28°40′55″N,28.68189267,76°57′07″E,76.95182124,14.9075,260.499°
28°37′57″N,28.6325939,77°18′09″E,77.30238892,21.0664,112.133°
28°46′56″N,28.78211365,76°57′42″E,76.96158104,16.2528,302.302°
28°32′30″N,28.54155282,77°11′56″E,77.19897531,20.386,152.458°
28°37′52″N,28.63109448,77°10′03″E,77.16749719,10.304,141.989°
28°44′12″N,28.73653679,77°16′19″E,77.27207407,16.9296,77.655°
28°38′20″N,28.63883966,76°52′12″E,76.8699254,23.829,252.321°
28°29′43″N,28.49530011,77°09′56″E,77.16550403,24.0252,165.147°
28°45′51″N,28.76416516,76°54′57″E,76.91585782,19.3904,290.199°
28°30′49″N,28.51367838,77°10′23″E,77.17307645,22.2729,161.959°
28°29′57″N,28.49913107,77°09′54″E,77.16511646,23.6037,164.971°
28°37′40″N,28.62781939,77°08′46″E,77.14613331,9.4931,153.337°
28°40′07″N,28.66848999,77°17′59″E,77.29966212,19.6415,101.586°
28°36′53″N,28.61481403,77°12′41″E,77.21140945,14.5468,133.028°
28°49′33″N,28.82577407,77°01′52″E,77.03099477,15.2236,332.761°
28°43′02″N,28.71713841,77°08′20″E,77.13878219,3.825,67.711°
28°43′40″N,28.72778948,76°53′25″E,76.89022604,20.8736,277.303°
28°38′47″N,28.6463471,76°55′08″E,76.91886131,19.0369,250.324°
28°37′29″N,28.62460562,77°15′53″E,77.26463405,18.1262,119.157°
28°50′46″N,28.84604557,77°13′37″E,77.22690619,19.9089,37.502°
28°49′46″N,28.82933126,76°54′43″E,76.91189841,23.2242,306.899°
28°38′36″N,28.64344312,77°03′02″E,77.05065281,8.4331,216.88°
28°43′36″N,28.72666296,77°18′17″E,77.30477985,19.8908,82.703°
28°34′59″N,28.58331605,76°59′48″E,76.99663892,16.9489,217.592°
28°38′59″N,28.65011879,77°01′48″E,77.03002999,9.2769,229.686°
28°50′38″N,28.84380079,77°09′06″E,77.1517939,16.2646,17.174°
28°49′13″N,28.82035151,77°03′45″E,77.06249077,13.5059,343.221°
28°45′47″N,28.76315486,77°16′55″E,77.28196704,18.6954,69.387°
28°36′25″N,28.60707699,77°13′26″E,77.22387264,16.0247,132.303°
28°34′12″N,28.56988673,77°13′35″E,77.22631341,19.2077,140.974°
28°34′14″N,28.57054255,77°03′37″E,77.06032317,15.4151,195.502°
28°38′39″N,28.64416087,77°12′02″E,77.20055113,11.6619,124.843°
28°45′48″N,28.76321584,76°53′36″E,76.89323232,21.4429,287.907°
28°34′11″N,28.5696604,77°00′02″E,77.00042392,17.9693,213.704°
28°40′54″N,28.68165397,77°17′17″E,77.2881887,18.2885,97.801°
28°38′05″N,28.63458887,77°19′32″E,77.32565542,23.1095,109.492°
28°45′34″N,28.75955049,76°57′54″E,76.96486795,14.7726,294.71°
28°48′25″N,28.8070656,77°17′13″E,77.28707261,21.3325,57.486°
28°52′29″N,28.87467542,77°14′25″E,77.24027547,23.2448,35.261°
28°49′18″N,28.82174713,77°13′59″E,77.23299846,18.2518,44.166°
28°37′28″N,28.62441263,77°15′14″E,77.25393334,17.2332,120.916°
28°40′26″N,28.67393712,77°06′58″E,77.11600565,3.6044,158.552°
28°53′16″N,28.88785549,77°07′13″E,77.12041509,20.5129,4.879°
28°47′15″N,28.78763747,77°18′12″E,77.30320096,21.6657,64.556°
28°44′14″N,28.73714525,77°02′32″E,77.04229327,6.9281,302.055°
28°41′32″N,28.69215824,77°18′59″E,77.31665908,20.9363,93.586°
28°32′42″N,28.54486754,77°00′55″E,77.01527758,19.6517,205.7°
28°39′20″N,28.65548149,76°58′40″E,76.97789314,13.3075,246.053°
28°51′02″N,28.85043473,76°55′19″E,76.92184862,23.981,312.787°
28°41′10″N,28.68600559,76°57′02″E,76.95051826,14.9643,262.307°
28°38′59″N,28.64996726,76°54′16″E,76.90442479,20.2449,252.746°
28°51′59″N,28.86628327,76°55′57″E,76.93254135,24.4929,317.475°
28°49′39″N,28.82760965,77°09′30″E,77.1582478,14.7737,21.573°
28°45′34″N,28.75954942,76°59′51″E,76.99746397,11.9576,301.074°
28°49′32″N,28.82544816,76°56′45″E,76.94578281,20.3876,311.492°
28°41′29″N,28.69127866,77°03′03″E,77.05082573,5.2394,254.218°
28°32′50″N,28.54717099,77°11′53″E,77.19818101,19.7971,151.822°
28°48′56″N,28.81567864,76°59′53″E,76.99810248,16.0511,320.666°
28°49′15″N,28.82082645,76°57′15″E,76.95403544,19.445,311.924°
28°51′02″N,28.85044953,77°09′04″E,77.15112709,16.9542,16.226°
28°40′16″N,28.67110619,77°02′07″E,77.03517289,7.5248,240.827°
28°41′56″N,28.69893358,77°16′58″E,77.28280599,17.6001,91.828°
28°46′24″N,28.77321406,77°10′01″E,77.16682732,9.9223,39.202°
28°36′42″N,28.61180181,77°07′39″E,77.12744441,10.5507,166.653°
28°47′15″N,28.78749905,77°17′42″E,77.29503335,20.9421,63.662°
28°50′12″N,28.83655966,77°13′11″E,77.21964984,18.6418,37.756°
28°37′24″N,28.62345686,77°10′51″E,77.18081285,11.7843,139.547°
28°34′50″N,28.58060713,77°08′56″E,77.14886093,14.462,161.753°
28°52′22″N,28.87282571,77°01′13″E,77.02037636,20.4028,336.918°
28°33′41″N,28.56125365,76°58′15″E,76.97093504,20.4305,218.983°
28°46′51″N,28.7807788,76°52′04″E,76.86770636,24.4343,290.485°
28°31′02″N,28.51728257,77°00′55″E,77.0153301,22.4548,202.296°
28°46′22″N,28.77264442,76°53′59″E,76.8997855,21.189,291.137°
28°35′25″N,28.59029097,77°12′51″E,77.21405954,16.6979,139.27°
28°49′45″N,28.82918173,77°14′10″E,77.23602233,19.0534,43.067°
28°54′29″N,28.90794945,77°07′26″E,77.1238557,22.7688,5.24°
28°52′40″N,28.87772111,76°58′18″E,76.97160528,23.1456,326.578°
28°44′29″N,28.74140199,77°00′44″E,77.01211658,9.7435,295.224°
28°34′11″N,28.56971399,76°55′58″E,76.93290174,22.3054,227.964°
28°31′29″N,28.5248021,77°07′09″E,77.11928267,20.0099,175.299°
28°30′29″N,28.50801499,77°02′53″E,77.04803289,22.449,193.718°
28°37′52″N,28.63100511,76°57′10″E,76.95285606,16.7145,240.931°
28°44′28″N,28.74115456,76°59′42″E,76.99490351,11.2753,291.466°
28°39′04″N,28.65121486,77°03′59″E,77.06646306,6.8532,210.881°
28°44′32″N,28.74216165,77°14′29″E,77.2413911,14.1935,72.613°
28°37′32″N,28.62561104,77°02′47″E,77.04635881,10.307,212.126°
28°34′35″N,28.57633489,77°14′36″E,77.2433815,19.7757,135.905°
28°50′54″N,28.84840047,77°13′26″E,77.22393282,19.9438,36.383°
28°48′34″N,28.80947657,77°18′44″E,77.3122617,23.5738,60.135°
28°43′11″N,28.71971656,77°11′10″E,77.18620411,8.3481,77.971°
28°35′23″N,28.58971568,77°00′12″E,77.00324566,15.9915,217.313°
28°32′20″N,28.53885588,76°56′49″E,76.94689273,23.8458,219.615°
28°30′01″N,28.5001583,77°10′42″E,77.1782957,23.8607,161.91°
28°42′31″N,28.70871249,77°13′01″E,77.21682788,11.1651,87.339°
28°49′18″N,28.8215556,76°55′18″E,76.92171742,21.9403,306.587°
28°47′26″N,28.79051777,76°53′14″E,76.88708484,23.1014,294.639°
28°48′00″N,28.80008182,77°08′54″E,77.14837214,11.575,22.723°
28°42′59″N,28.71680059,77°05′52″E,77.09791538,1.4817,342.433°
28°47′25″N,28.79015664,77°15′01″E,77.2502131,17.2949,56.361°
28°44′42″N,28.74499495,77°12′32″E,77.20902005,11.3419,66.331°
28°49′26″N,28.82393405,76°54′21″E,76.90581373,23.3543,304.848°
28°54′12″N,28.90332164,77°09′18″E,77.15506528,22.7432,13.006°
28°44′26″N,28.74067446,76°51′35″E,76.85976447,24.0236,279.807°
28°46′40″N,28.77781998,76°52′28″E,76.8743569,23.7121,290.285°
28°38′17″N,28.63806046,77°09′59″E,77.16630625,9.6295,139.696°
28°33′38″N,28.56050181,77°04′11″E,77.06961363,16.2914,191.373°
28°36′14″N,28.60379011,77°04′09″E,77.06924754,11.6196,196.228°
28°46′19″N,28.77193246,77°19′47″E,77.32972547,23.4096,71.144°
28°37′39″N,28.6276347,76°53′31″E,76.89189133,22.2442,247.572°
28°40′53″N,28.68139016,76°59′07″E,76.98528065,11.7125,257.574°
28°35′46″N,28.59618216,76°57′18″E,76.95497012,18.7468,230.222°
28°53′57″N,28.89922245,76°58′43″E,76.97855477,24.8384,330.928°
28°50′51″N,28.8473628,77°07′54″E,77.13165477,16.1861,10.107°
28°45′09″N,28.75263437,77°12′11″E,77.20316894,11.2049,61.174°
28°33′10″N,28.55279388,77°07′20″E,77.12209373,16.9376,173.511°
28°38′29″N,28.64133681,77°13′43″E,77.22857802,14.1461,119.54°
28°36′22″N,28.60619927,76°53′16″E,76.88784263,23.6121,242.589°
28°31′34″N,28.52611848,77°00′44″E,77.01223176,21.6697,204.022°
28°40′22″N,28.67266301,77°01′43″E,77.02852199,8.0205,244.171°
28°49′03″N,28.81738858,77°07′04″E,77.11779029,12.6886,6.744°
28°36′35″N,28.60975051,76°52′19″E,76.87185987,24.8368,245.061°
28°38′38″N,28.64396356,76°51′34″E,76.85953103,24.6357,254.304°
28°55′00″N,28.91662865,77°10′07″E,77.16868183,24.5029,15.246°
28°34′32″N,28.57543619,77°07′43″E,77.12865407,14.5368,169.878°
28°34′59″N,28.58299128,77°12′52″E,77.21435408,17.3398,140.947°
28°43′15″N,28.72076496,77°14′47″E,77.24644839,14.164,82.446°
28°45′57″N,28.76589697,76°56′26″E,76.94059803,17.2213,293.562°
28°42′55″N,28.71524107,76°51′17″E,76.8546738,24.2078,272.994°
28°50′39″N,28.84411048,77°00′35″E,77.00980705,18.005,329.896°
28°50′17″N,28.83799392,77°10′00″E,77.16668032,16.1537,22.775°
28°31′25″N,28.52364032,77°02′17″E,77.03793075,21.0387,197.453°
28°40′06″N,28.6683081,76°51′46″E,76.86283138,23.722,260.397°
28°33′21″N,28.55580123,77°11′29″E,77.19143458,18.6403,152.217°
28°38′21″N,28.63920108,77°14′33″E,77.24240244,15.4436,117.833°
28°36′30″N,28.6084324,77°00′32″E,77.00888382,14.0255,220.675°
28°41′54″N,28.6984667,77°11′38″E,77.19380068,8.9294,94.002°
28°43′56″N,28.73218814,77°03′35″E,77.0596316,5.2198,306.774°
28°39′15″N,28.65411809,77°06′06″E,77.10178787,5.5597,180.716°
28°48′31″N,28.80874063,76°52′58″E,76.88287488,24.3738,298.576°
28°49′04″N,28.81790365,77°04′11″E,77.06961085,13.0579,345.791°
28°41′57″N,28.69906706,77°05′29″E,77.09138882,1.22,242.69°
28°35′24″N,28.59005999,77°03′34″E,77.05947663,13.3614,198.329°
28°48′11″N,28.80310794,77°18′24″E,77.30667627,22.7522,61.003°
28°36′27″N,28.60750602,77°00′25″E,77.00686607,14.2322,221.007°
28°45′14″N,28.75400402,77°11′07″E,77.18527752,9.7976,55.472°
28°34′20″N,28.5722745,76°55′55″E,76.931846,22.1927,228.688°
28°35′31″N,28.59195106,77°14′38″E,77.24387198,18.6016,132.078°
28°37′17″N,28.62131778,77°05′29″E,77.09138614,9.2712,186.721°
28°42′28″N,28.70781949,77°04′55″E,77.08182449,2.059,281.596°
28°49′20″N,28.82212533,77°12′07″E,77.20180788,16.3122,36.388°
28°47′10″N,28.7861555,77°12′12″E,77.2034557,13.4248,47.144°
28°40′28″N,28.67453155,76°59′34″E,76.99272062,11.2049,252.958°
28°41′14″N,28.68725918,77°16′07″E,77.2684776,16.3017,96.558°
28°48′19″N,28.80527019,77°09′21″E,77.15591286,12.3997,24.824°
28°39′21″N,28.65592488,77°06′18″E,77.10511733,5.3644,177.27°
28°36′07″N,28.60184777,77°05′46″E,77.09624063,11.3895,183.076°
28°49′46″N,28.82956824,77°06′44″E,77.11215049,13.9871,3.855°
28°44′05″N,28.73464326,77°14′19″E,77.23865499,13.7087,75.619°
28°48′14″N,28.80380849,77°00′17″E,77.004784,14.6213,319.355°
28°38′29″N,28.64149703,76°57′01″E,76.95039718,16.3953,244.905°
28°50′32″N,28.84221936,77°08′39″E,77.14430415,15.8939,14.848°
28°42′08″N,28.70216351,76°56′55″E,76.94871901,15.0042,269.214°
28°35′48″N,28.5966548,77°13′21″E,77.22263542,16.7428,135.515°
28°33′44″N,28.56231197,77°00′19″E,77.00515291,18.4126,211.097°
28°41′55″N,28.69853337,77°08′54″E,77.14844207,4.5247,97.854°
28°40′55″N,28.68192579,76°55′09″E,76.91917091,18.0563,262.193°
28°35′51″N,28.59762055,77°04′28″E,77.07450311,12.1545,193°
28°36′46″N,28.61279051,77°10′27″E,77.1741655,12.3316,145.427°
28°43′20″N,28.72217069,77°03′17″E,77.05476645,5.0717,293.359°
28°53′27″N,28.89085308,77°13′43″E,77.22849338,24.1306,30.562°
28°41′26″N,28.6906648,77°05′06″E,77.08510157,2.2615,228.645°
28°37′37″N,28.62702686,77°18′24″E,77.30661175,21.6863,113.236°
28°51′01″N,28.8503208,77°09′32″E,77.1587691,17.1638,18.626°
28°47′26″N,28.79061568,77°15′46″E,77.2628083,18.3572,58.347°
28°49′35″N,28.82636258,77°17′24″E,77.29011381,22.7935,53.327°
28°50′18″N,28.8383113,77°02′22″E,77.03945889,16.1436,337.637°
28°31′21″N,28.52250068,77°05′30″E,77.09169727,20.2261,182.992°
28°34′34″N,28.57617824,77°10′52″E,77.1810336,16.1621,151.665°
28°45′38″N,28.76063144,77°17′43″E,77.29524218,19.8221,71.459°
28°31′21″N,28.52263411,77°07′46″E,77.12938491,20.3538,172.583°
28°31′09″N,28.51920491,77°07′12″E,77.12001124,20.6362,175.243°
28°51′17″N,28.85459862,76°56′58″E,76.94947166,22.4224,318.329°
28°50′08″N,28.8355673,76°59′47″E,76.99625487,17.9198,324.712°
28°47′22″N,28.78955021,76°59′33″E,76.99248382,14.333,311.564°
28°42′28″N,28.70766791,77°20′17″E,77.33810582,22.9882,88.954°
28°41′43″N,28.69515303,77°18′34″E,77.30952684,20.2225,92.771°
28°39′50″N,28.6637841,77°00′33″E,77.00907491,10.1593,243.83°
28°42′47″N,28.7129923,77°01′51″E,77.03095233,7.0495,278.083°
28°48′59″N,28.81648804,77°07′08″E,77.1190125,12.6038,7.335°
28°48′22″N,28.80621475,77°11′59″E,77.19972386,14.7945,39.828°
28°49′20″N,28.82232899,77°15′58″E,77.26601472,20.6666,50.444°
28°51′03″N,28.85096302,77°17′30″E,77.29165263,24.6349,48.419°
28°38′30″N,28.64152921,77°17′26″E,77.29046739,19.619,110.732°
28°31′29″N,28.52474708,77°06′28″E,77.10782885,19.9555,178.505°
28°54′43″N,28.91191819,77°10′36″E,77.17673235,24.2206,17.362°
28°35′19″N,28.58854182,77°11′29″E,77.1912903,15.5022,145.987°
28°29′40″N,28.49443227,77°00′50″E,77.01399214,24.8708,200.357°
28°34′23″N,28.57296929,77°17′09″E,77.28596224,23.097,129.115°
28°45′31″N,28.75861377,77°02′15″E,77.03738375,8.7806,313.689°
28°37′46″N,28.62949859,77°12′11″E,77.20293606,12.8424,130.225°
28°53′29″N,28.89129479,77°03′40″E,77.06108179,21.2087,349.037°
28°41′31″N,28.69193341,77°01′03″E,77.01743108,8.4092,260.76°
28°40′21″N,28.67252965,77°14′33″E,77.24262679,14.1163,104.37°
28°52′04″N,28.86765991,77°02′33″E,77.04259539,19.1064,342.218°
28°50′59″N,28.84960038,77°15′42″E,77.26175074,22.4263,43.773°
28°47′35″N,28.79304908,77°16′57″E,77.28246839,20.1464,60.545°
28°37′42″N,28.62829032,77°10′08″E,77.16891019,10.6351,142.437°
28°40′05″N,28.66793137,77°17′05″E,77.28484635,18.2415,102.697°
28°41′23″N,28.68959663,76°58′43″E,76.97854689,12.2006,262.432°
28°47′50″N,28.79719813,76°55′27″E,76.92425413,20.2322,300.827°
28°40′01″N,28.6668239,77°04′17″E,77.07132513,5.1423,216.274°
28°50′50″N,28.84724338,76°58′46″E,76.97937283,19.9394,323.015°
28°45′01″N,28.75022498,76°57′06″E,76.95169368,15.5781,289.264°
28°36′57″N,28.61586805,76°57′13″E,76.95365605,17.5312,235.995°
28°33′21″N,28.55592265,76°57′29″E,76.95799178,21.6948,220.598°
28°32′15″N,28.53737139,76°57′52″E,76.96450576,22.9222,216.032°
28°48′06″N,28.8017375,76°57′27″E,76.9574953,17.8289,307.56°
28°49′14″N,28.82065036,77°12′58″E,77.21624418,17.0602,40.52°
28°50′41″N,28.844743,77°10′04″E,77.16769696,16.8852,22.097°
28°33′36″N,28.56012336,77°06′48″E,77.11332487,16.0488,176.222°
28°39′24″N,28.65658417,77°13′39″E,77.22740674,13.2849,113.412°
28°43′08″N,28.71879468,77°01′50″E,77.03042772,7.2182,283.104°
28°38′20″N,28.63883789,77°04′36″E,77.07661781,7.6857,199.192°
28°47′37″N,28.79352924,77°13′38″E,77.22716156,15.7074,50.679°
28°42′42″N,28.71178736,77°17′28″E,77.29113915,18.4224,87.294°
28°33′33″N,28.55917056,77°10′10″E,77.16946628,17.3952,157.908°
28°51′43″N,28.86187676,77°14′51″E,77.24761824,22.541,38.838°
28°33′05″N,28.55133067,76°58′29″E,76.97473299,21.0789,216.313°
28°54′02″N,28.90067078,77°11′06″E,77.18487679,23.2914,20.145°
28°52′14″N,28.87043752,77°12′23″E,77.20635887,21.09,28.663°
28°32′39″N,28.54406373,77°12′21″E,77.2058562,20.4615,150.426°
28°34′41″N,28.57804986,76°53′45″E,76.8957984,24.5702,235.257°
28°50′16″N,28.83764734,76°57′20″E,76.95557701,20.6356,316.075°
28°32′01″N,28.53372894,77°01′43″E,77.02848146,20.2811,200.893°
28°42′21″N,28.7059501,77°14′21″E,77.23903355,13.3214,89.082°
28°32′37″N,28.54369529,77°08′44″E,77.14547274,18.3279,166.756°
28°32′09″N,28.53584884,77°03′57″E,77.06571353,19.0555,190.873°
28°44′44″N,28.7456716,77°19′34″E,77.32606389,22.2909,77.974°
28°32′57″N,28.54916109,77°05′31″E,77.09182297,17.2648,183.464°
28°36′00″N,28.6001032,77°15′12″E,77.25333522,18.723,128.12°
28°44′36″N,28.74328423,76°51′10″E,76.85278564,24.7439,280.205°
28°35′17″N,28.58806834,76°54′25″E,76.90680739,23.053,236.003°
28°47′33″N,28.79251641,77°19′28″E,77.32435829,23.7651,65.502°
28°50′19″N,28.83854476,77°09′40″E,77.16103352,16.0057,20.874°
28°38′41″N,28.64484405,77°19′46″E,77.32939053,23.1014,106.522°
28°50′18″N,28.83825794,77°13′47″E,77.22976139,19.4063,39.713°
28°41′55″N,28.69863481,77°04′27″E,77.07406138,2.8403,257.649°
28°45′28″N,28.75772146,76°51′18″E,76.85502001,24.8634,283.939°
28°30′42″N,28.51168706,77°07′23″E,77.12317299,21.4964,174.607°
28°49′25″N,28.82368231,77°16′48″E,77.28001157,21.8281,52.416°
28°33′15″N,28.55418557,77°09′49″E,77.16372016,17.7132,160.266°
28°35′09″N,28.58589214,77°18′26″E,77.3072647,23.9243,123.288°
28°47′43″N,28.79536237,76°54′49″E,76.91352475,21.0387,298.893°
28°53′06″N,28.88505513,77°08′09″E,77.13574397,20.3861,9.138°
28°40′39″N,28.67750261,77°01′59″E,77.03301696,7.3968,246.442°
28°31′49″N,28.53028359,77°09′44″E,77.16213073,20.1906,163.226°
28°41′21″N,28.68912903,77°12′39″E,77.21096667,10.7127,98.916°
28°35′02″N,28.58384826,77°11′27″E,77.19095715,15.9202,147.134°
28°37′57″N,28.63236186,76°57′32″E,76.95892718,16.1241,240.374°
28°44′54″N,28.74840799,77°06′26″E,77.10718361,4.9493,5.295°
28°39′33″N,28.65917744,77°03′11″E,77.05293255,6.9541,224.081°
28°42′31″N,28.70864871,77°19′52″E,77.33106757,22.3038,88.645°
28°35′41″N,28.5946403,76°55′13″E,76.92025276,21.5563,235.656°
28°44′41″N,28.74460775,77°08′34″E,77.14264034,5.969,40.981°
28°50′34″N,28.84264172,77°16′37″E,77.27699323,22.9534,47.788°
28°34′15″N,28.57074847,77°05′57″E,77.09905581,14.836,181.299°
28°43′40″N,28.72770433,76°56′53″E,76.94792627,15.305,279.914°
28°39′51″N,28.66430331,76°55′55″E,76.93193461,17.2217,255.147°
28°34′45″N,28.57910562,77°18′07″E,77.30186067,23.9167,125.494°
28°36′54″N,28.61505845,77°12′07″E,77.20182704,13.8587,135.589°
28°45′09″N,28.75262038,77°09′37″E,77.1601417,7.7931,46.158°
28°39′24″N,28.65671434,77°05′15″E,77.08737193,5.4734,195.65°
28°34′57″N,28.58239996,77°16′59″E,77.2832939,22.2415,127.445°
28°44′59″N,28.74979643,76°52′52″E,76.88097235,22.1968,283.29°
28°31′43″N,28.52848093,76°59′54″E,76.99824633,22.0267,207.55°
28°49′50″N,28.83060081,76°58′05″E,76.96808423,19.2282,317.066°
28°46′25″N,28.77353832,77°13′01″E,77.21697374,13.5753,55.297°
28°54′04″N,28.90099286,77°00′13″E,77.00348181,23.9319,336.241°
28°39′12″N,28.6533701,77°01′43″E,77.02860607,9.156,231.974°
28°40′00″N,28.66666918,77°01′36″E,77.02655974,8.4994,240.689°
28°49′46″N,28.8295812,77°09′17″E,77.15459972,14.8525,19.987°
28°40′52″N,28.68102475,77°15′21″E,77.25576617,15.1726,99.702°
28°37′33″N,28.62575362,77°00′37″E,77.01023026,12.531,225.962°
28°55′13″N,28.92037466,77°06′53″E,77.11460188,24.0843,2.804°
28°30′17″N,28.50467053,77°12′48″E,77.2132986,24.6798,153.972°
28°45′53″N,28.76460923,77°16′16″E,77.2711809,17.7748,67.71°
28°39′43″N,28.66205715,76°59′24″E,76.99012727,11.9206,246.93°
28°38′18″N,28.63821391,77°10′39″E,77.1774326,10.3526,135.043°
28°42′29″N,28.7081044,76°57′44″E,76.96232902,13.6818,271.899°
28°37′08″N,28.61891255,77°00′33″E,77.00912012,13.1467,223.909°
28°35′50″N,28.59735683,77°10′18″E,77.17171194,13.6601,150.343°
28°54′16″N,28.90436824,77°07′24″E,77.12330445,22.3672,5.196°
28°48′16″N,28.80449539,77°05′28″E,77.09119257,11.2209,354.364°
28°38′49″N,28.6470265,77°01′18″E,77.02152964,10.1356,231.241°
28°40′45″N,28.67919044,77°12′06″E,77.20155386,10.0539,105.972°
28°53′53″N,28.89802005,77°04′03″E,77.06754271,21.8365,351.032°
28°49′17″N,28.82135089,77°00′07″E,77.00182425,16.3229,323.056°
28°43′55″N,28.73181471,77°21′07″E,77.35197556,24.5295,82.721°
28°31′42″N,28.52821523,77°04′43″E,77.07847248,19.7032,186.844°
28°30′09″N,28.50246682,77°12′36″E,77.21001108,24.7626,154.889°
28°47′08″N,28.78549245,77°12′20″E,77.20544381,13.5181,47.932°
28°44′04″N,28.73447644,76°59′17″E,76.98793046,11.6751,286.849°
28°32′34″N,28.54266127,77°04′50″E,77.08048761,18.0844,186.83°
28°49′10″N,28.81942873,76°55′42″E,76.92833957,21.2818,307.109°
28°47′15″N,28.78740097,77°17′37″E,77.29363905,20.8155,63.523°
28°34′59″N,28.5831352,77°08′45″E,77.14570277,14.0999,162.586°
28°39′35″N,28.65966492,77°11′41″E,77.19464746,10.2604,118.774°
28°31′14″N,28.52042763,77°01′01″E,77.01701857,22.0685,202.244°
28°41′59″N,28.69984591,77°00′53″E,77.0147287,8.576,266.858°
28°32′37″N,28.54354651,76°55′27″E,76.92403078,24.9501,224.339°
28°41′53″N,28.69817022,77°16′16″E,77.27103116,16.4552,92.257°
28°47′10″N,28.78604543,76°54′53″E,76.91467865,20.4587,296.501°
28°39′29″N,28.65816624,77°17′11″E,77.28649319,18.6667,105.84°
28°40′10″N,28.66948802,77°20′13″E,77.33687004,23.1902,99.5°
28°47′44″N,28.79554888,77°10′11″E,77.16977028,12.1034,32.803°
28°34′53″N,28.58130849,77°00′53″E,77.01475718,16.1211,212.114°
28°37′07″N,28.61856122,77°20′13″E,77.33683842,24.7709,112.531°
28°41′22″N,28.6894837,77°00′33″E,77.00908587,9.2578,259.909°
28°48′37″N,28.81037205,77°08′29″E,77.14140086,12.414,17.782°
28°41′31″N,28.69183756,77°20′26″E,77.3405731,23.2673,93.303°
28°41′12″N,28.68674542,77°11′58″E,77.19958268,9.6667,101.495°
28°44′15″N,28.73757054,76°54′19″E,76.90524023,19.598,280.998°
28°34′11″N,28.56970589,77°10′37″E,77.17684815,16.617,154.084°
28°41′45″N,28.69578653,77°07′55″E,77.13194964,3.0183,107.833°
28°53′49″N,28.89707671,76°59′31″E,76.9918087,24.023,333.34°
28°35′18″N,28.58824054,76°59′51″E,76.99744464,16.4688,218.537°
28°43′34″N,28.72604171,77°16′26″E,77.27400468,16.9069,81.659°
28°37′38″N,28.62732557,77°20′15″E,77.33746235,24.4692,110.369°
28°34′08″N,28.56888178,76°56′23″E,76.93959058,21.8886,226.638°
28°45′47″N,28.7631214,76°56′11″E,76.93652056,17.4685,292.114°
28°50′25″N,28.84031656,77°07′05″E,77.11806502,15.2267,5.716°
28°52′30″N,28.87499709,76°59′15″E,76.98751146,22.067,329.5°
28°37′08″N,28.61895829,77°14′25″E,77.24013931,16.4357,125.15°
28°46′19″N,28.77198017,77°11′07″E,77.18517699,11.0462,46.862°
28°40′55″N,28.68193654,77°20′03″E,77.33405339,22.7263,96.172°
28°31′24″N,28.52338312,76°59′08″E,76.98562851,23.1139,209.613°
28°39′24″N,28.65667594,76°54′21″E,76.90579268,19.9063,254.681°
28°45′45″N,28.762443,77°04′09″E,77.06912816,7.2598,333.371°
28°31′29″N,28.52483502,77°04′10″E,77.06931391,20.2006,189.239°
28°34′34″N,28.57617988,76°58′42″E,76.97833229,18.691,220.458°
28°51′44″N,28.86218302,77°11′14″E,77.18723845,19.4268,25.144°
28°34′28″N,28.57447171,77°11′58″E,77.19932892,17.2402,146.729°
28°30′29″N,28.5080351,77°00′27″E,77.00747211,23.6997,203.073°
28°53′16″N,28.88778629,77°09′29″E,77.15795247,21.1336,14.805°
28°39′05″N,28.65132263,77°08′29″E,77.14135312,6.9881,147.134°
28°43′19″N,28.7218315,76°58′54″E,76.98171182,11.9468,279.531°
28°52′14″N,28.87062527,76°57′05″E,76.95137264,23.6663,321.539°
28°42′53″N,28.71468276,77°18′52″E,77.31447925,20.7127,86.691°
28°47′29″N,28.79137253,77°02′41″E,77.0448522,11.2173,329.937°
28°32′22″N,28.53950159,77°06′56″E,77.11563156,18.3525,175.991°
28°34′20″N,28.57221702,77°14′26″E,77.24052047,19.9176,137.399°
28°43′24″N,28.72330022,77°03′04″E,77.05118532,5.4422,293.117°
28°42′08″N,28.70228338,77°21′15″E,77.35402914,24.5397,90.411°
28°49′34″N,28.82612045,76°58′07″E,76.96864102,18.8291,316.152°
28°39′49″N,28.66368703,77°09′01″E,77.15030477,6.4779,133.927°
28°52′36″N,28.87658905,77°07′50″E,77.13050863,19.3786,8.092°
28°38′54″N,28.64822446,77°07′31″E,77.12515842,6.5964,160.41°
28°48′26″N,28.80720856,77°06′44″E,77.11215759,11.507,4.692°
28°43′11″N,28.7196306,76°51′21″E,76.8559205,24.1159,274.167°
28°51′35″N,28.85975606,77°12′35″E,77.20967196,20.2212,31.083°
28°46′59″N,28.7830793,77°01′39″E,77.02760698,11.4242,320.277°
28°35′34″N,28.59288193,77°15′11″E,77.25301792,19.2063,130.061°
28°44′52″N,28.74777496,77°07′56″E,77.13224471,5.6582,30.84°
28°51′07″N,28.85203646,77°01′50″E,77.03059076,17.8856,336.941°
28°41′00″N,28.68346374,77°04′05″E,77.06809645,4.0664,235.644°
28°43′11″N,28.71973148,77°05′10″E,77.08622313,2.3546,317.6°
28°46′55″N,28.78198769,77°13′51″E,77.23083657,15.2214,55.279°
28°33′30″N,28.55820396,77°12′34″E,77.20931821,19.2893,147.248°
28°39′50″N,28.66384821,76°53′35″E,76.89316867,20.9107,257.687°
28°44′56″N,28.74881743,76°56′16″E,76.9378358,16.8134,287.246°
28°45′47″N,28.76311038,77°10′02″E,77.16713681,9.1006,43.829°
28°32′20″N,28.53876213,77°03′20″E,77.05544375,18.9551,194.038°
28°52′55″N,28.88191521,77°14′11″E,77.23640333,23.6964,33.39°
28°52′53″N,28.88131478,77°05′38″E,77.09390953,19.7287,357.57°
28°40′45″N,28.67926618,77°09′39″E,77.16070723,6.3153,115.923°
28°53′46″N,28.89619192,77°05′50″E,77.09729567,21.3717,358.641°
28°51′57″N,28.86596453,77°15′59″E,77.26637192,24.069,41.543°
28°43′47″N,28.72982961,77°00′59″E,77.0165789,8.8564,288.873°
28°42′06″N,28.70170077,76°53′03″E,76.88415345,21.3033,269.335°
28°55′25″N,28.92358644,77°07′25″E,77.12371274,24.5,4.835°
28°36′37″N,28.61018457,76°56′58″E,76.94956485,18.2188,235.052°
28°49′29″N,28.82466434,77°11′58″E,77.19936747,16.4021,35.134°
28°43′19″N,28.72189915,77°04′04″E,77.06768732,3.9309,300.249°
28°49′48″N,28.83010975,76°58′43″E,76.97860475,18.5028,319.273°
28°54′15″N,28.90412547,77°05′47″E,77.09639412,22.256,358.469°
28°47′14″N,28.78735614,77°09′29″E,77.157972,10.7246,30.279°
28°43′16″N,28.72106469,77°03′17″E,77.05485558,5.0161,292.108°
28°46′15″N,28.77092396,76°54′31″E,76.90852587,20.3254,291.496°
28°40′20″N,28.67211237,77°21′05″E,77.35150134,24.5549,98.271°
28°37′24″N,28.62335371,77°05′22″E,77.08938836,9.0718,188.112°
28°35′45″N,28.59578345,77°16′33″E,77.27572405,20.7613,125.43°
28°33′59″N,28.56630982,77°15′49″E,77.26364499,21.9626,134.213°
28°49′39″N,28.82743851,76°57′52″E,76.96454624,19.2123,315.598°
28°40′25″N,28.67351915,77°03′13″E,77.05355401,5.8632,234.553°
28°40′22″N,28.67283874,77°10′03″E,77.16739371,7.2237,118.757°
28°34′15″N,28.57069698,77°01′10″E,77.01931314,16.9148,208.712°
28°44′00″N,28.73344653,76°51′18″E,76.85502651,24.3593,277.76°
28°44′35″N,28.74314395,76°52′32″E,76.87561817,22.5521,281.157°
28°40′02″N,28.66715878,76°54′32″E,76.90891439,19.3309,257.774°
28°42′32″N,28.70877239,77°18′59″E,77.31640806,20.8744,88.522°
28°44′59″N,28.74981624,76°51′07″E,76.85186895,24.9689,281.811°
28°52′41″N,28.87797647,76°57′50″E,76.96393652,23.5892,325.103°
28°41′02″N,28.68383124,77°06′31″E,77.1086405,2.3327,165.116°
28°29′43″N,28.49522871,77°10′33″E,77.17579322,24.3095,162.859°
28°45′06″N,28.75164065,77°17′40″E,77.29454926,19.4637,74.19°
28°48′02″N,28.80056198,77°01′52″E,77.03110187,12.7901,327.037°
28°28′56″N,28.48224885,77°06′51″E,77.11420796,24.7022,177.344°
28°49′30″N,28.82489303,76°58′16″E,76.97106002,18.5674,316.384°
28°54′57″N,28.91595809,77°04′14″E,77.07060386,23.7683,352.493°
28°32′10″N,28.53601989,77°13′32″E,77.22553423,22.2217,147.247°
28°35′39″N,28.59430224,77°07′36″E,77.12668325,12.4384,169.055°
28°40′22″N,28.67270739,76°53′10″E,76.88618688,21.3931,260.658°
28°50′26″N,28.84051338,77°09′00″E,77.14989897,15.8609,16.928°
28°35′06″N,28.58499079,77°02′42″E,77.04501621,14.3874,202.969°
28°30′59″N,28.51673898,77°01′18″E,77.02168837,22.2834,200.759°
28°38′07″N,28.63538033,77°14′45″E,77.24582685,15.9394,118.62°
28°35′38″N,28.5939039,77°00′36″E,77.00989477,15.2293,216.43°
28°54′44″N,28.91233096,77°06′13″E,77.10362255,23.161,0.27°
28°47′45″N,28.79585082,76°52′50″E,76.88062877,23.9218,295.305°
28°45′09″N,28.75261588,77°14′29″E,77.24127686,14.5716,68.231°
28°45′44″N,28.76214536,77°18′40″E,77.31110256,21.345,72.344°
28°30′24″N,28.5067387,77°11′55″E,77.19869116,23.877,156.811°
28°37′07″N,28.61866712,76°59′40″E,76.99448182,14.1928,227.996°
28°41′21″N,28.68913683,76°52′30″E,76.874996,22.2587,265.767°
28°47′04″N,28.78437003,76°53′18″E,76.88835569,22.7119,293.199°
28°39′09″N,28.65244472,77°18′32″E,77.30901512,20.9552,105.863°
28°34′27″N,28.57423871,77°08′42″E,77.14499358,15.0278,163.966°
28°44′04″N,28.73434027,77°08′30″E,77.14171272,5.0935,48.663°
28°52′59″N,28.88296949,77°07′41″E,77.12811243,20.051,7.146°
28°42′31″N,28.70862008,77°06′50″E,77.1139331,1.2234,65.734°
28°44′48″N,28.74675929,77°19′54″E,77.33155997,22.8403,77.955°
28°42′10″N,28.70289568,77°19′59″E,77.33325888,22.5129,90.285°
28°31′29″N,28.52459178,77°04′36″E,77.07680311,20.1231,187.169°
28°47′25″N,28.79038544,77°13′49″E,77.23014807,15.7181,52.338°
28°43′30″N,28.72498894,77°01′22″E,77.02271087,8.1227,286.64°
28°33′47″N,28.56291835,77°07′41″E,77.12807497,15.9004,170.96°
28°44′26″N,28.7406456,76°56′28″E,76.9412449,16.2457,284.529°
28°49′53″N,28.83126336,76°55′36″E,76.92666832,22.2248,309.566°
28°39′22″N,28.6562248,76°58′43″E,76.97857104,13.2135,246.264°
28°29′27″N,28.4908516,77°01′33″E,77.02579649,24.8735,197.545°
28°44′39″N,28.74427672,77°06′21″E,77.10596497,4.4815,4.324°
28°32′56″N,28.54881772,77°04′04″E,77.06791156,17.5985,191.071°
28°45′21″N,28.75575397,77°06′50″E,77.113757,5.8492,10.816°
28°39′37″N,28.6602762,77°04′02″E,77.06724144,5.9663,215.224°
28°35′13″N,28.58687269,77°14′53″E,77.24796113,19.2773,132.526°
28°48′42″N,28.81169428,76°57′52″E,76.96445822,18.0109,311.673°
28°46′14″N,28.77047553,77°14′34″E,77.24283848,15.551,61.624°
28°38′27″N,28.64069711,77°18′42″E,77.31155019,21.5852,109.019°
28°55′16″N,28.92111303,77°07′06″E,77.11838383,24.1871,3.666°
28°36′12″N,28.60342136,77°17′17″E,77.28800421,21.2892,121.691°
28°55′22″N,28.922837,77°07′33″E,77.12584916,24.4355,5.338°
28°41′30″N,28.69167916,76°53′04″E,76.88457915,21.306,266.335°
28°51′42″N,28.86179105,77°12′42″E,77.21155238,20.5097,31.194°
28°39′07″N,28.6520507,77°07′33″E,77.12570139,6.2162,158.635°
28°51′58″N,28.86608091,77°14′45″E,77.24587358,22.8021,37.768°
28°45′52″N,28.76437586,76°53′16″E,76.88789689,21.9777,287.813°
28°30′34″N,28.50951147,77°09′29″E,77.15810379,22.314,165.904°
28°49′53″N,28.83130183,77°03′48″E,77.06320728,14.6577,344.858°
28°45′57″N,28.76591715,77°10′17″E,77.17137944,9.6127,44.318°
28°45′44″N,28.76212247,77°20′26″E,77.34063479,24.1054,74.414°
28°52′05″N,28.86810591,77°11′54″E,77.19827734,20.4923,27.081°
28°29′45″N,28.49571452,77°08′51″E,77.14758328,23.5924,169.234°
28°36′31″N,28.60857537,77°15′52″E,77.26436432,19.0388,123.883°
28°47′50″N,28.79718163,77°17′25″E,77.29027883,21.0353,60.471°
28°53′26″N,28.89050003,77°11′02″E,77.18392687,22.1998,20.928°
28°39′53″N,28.66482497,76°56′14″E,76.93710481,16.7194,254.894°
28°30′36″N,28.50996356,77°02′41″E,77.04479872,22.3161,194.638°
28°49′23″N,28.82300289,77°06′25″E,77.10692823,13.2322,1.869°
28°29′18″N,28.48830526,77°04′52″E,77.08116569,24.0923,184.966°
28°49′59″N,28.8331538,76°57′58″E,76.96608131,19.569,317.215°
28°44′05″N,28.73479079,77°19′18″E,77.32152853,21.6358,80.87°
28°41′58″N,28.69946557,76°55′56″E,76.93217469,16.6249,268.264°
28°47′09″N,28.78584806,77°11′43″E,77.19534326,12.8316,44.856°
28°36′54″N,28.61509081,77°16′26″E,77.27397746,19.445,120.565°
28°43′57″N,28.73238417,76°52′22″E,76.87275929,22.6297,278.046°
28°44′33″N,28.74262081,77°15′50″E,77.26388877,16.3145,74.736°
28°52′16″N,28.87114622,77°14′58″E,77.2494744,23.4623,37.601°
28°41′35″N,28.69294723,77°00′34″E,77.00931277,9.1759,262.253°
28°42′15″N,28.70427298,76°57′05″E,76.9514997,14.7313,270.111°
28°31′34″N,28.52618278,77°12′18″E,77.20503276,22.1773,153.14°
28°39′40″N,28.66106124,77°00′21″E,77.00581222,10.5796,243.12°
28°40′22″N,28.67276796,76°56′43″E,76.94532347,15.7271,257.235°
28°44′09″N,28.73578044,77°11′18″E,77.18820978,9.0726,67.125°
28°46′23″N,28.77318727,76°53′55″E,76.89855829,21.3224,291.173°
28°38′45″N,28.64596471,77°01′52″E,77.03124925,9.495,227.095°
28°46′45″N,28.77909936,77°07′42″E,77.12845142,8.7174,16.871°
28°46′32″N,28.7756535,77°03′50″E,77.06401413,8.7993,334.761°
28°46′21″N,28.77243991,77°19′53″E,77.33142881,23.585,71.144°
28°39′42″N,28.66172249,76°55′28″E,76.9243718,18.0091,254.87°
28°43′07″N,28.71870533,76°56′56″E,76.94881365,15.08,276.221°
28°49′06″N,28.81840325,77°01′18″E,77.02176866,14.9532,328.255°
28°35′19″N,28.5885636,76°58′15″E,76.97096974,18.1653,225.005°
28°42′27″N,28.70760547,77°10′39″E,77.17744062,7.3213,86.929°
28°55′14″N,28.92058728,77°03′54″E,77.06503996,24.3543,351.388°
28°51′33″N,28.85915366,77°04′33″E,77.07572796,17.4424,351.401°
28°44′30″N,28.74166963,77°00′49″E,77.01348356,9.6359,295.722°
28°31′14″N,28.52063097,77°12′50″E,77.21383237,23.1215,151.928°
28°43′39″N,28.72750748,76°53′50″E,76.89714211,20.2005,277.454°
28°36′07″N,28.60192833,76°56′41″E,76.94464359,19.1452,233.627°
28°40′34″N,28.67599655,77°09′26″E,77.15720627,6.1857,120.341°
28°47′13″N,28.7869552,77°09′25″E,77.15686136,10.6317,29.896°
28°43′35″N,28.72647632,76°56′09″E,76.9358873,16.4421,278.746°
28°36′13″N,28.60349681,76°57′18″E,76.95510838,18.2255,232.159°
28°37′27″N,28.62409085,77°17′43″E,77.29520157,20.806,115.277°
28°46′17″N,28.77147319,77°10′59″E,77.18307318,10.8583,46.34°
28°36′00″N,28.60005009,77°03′13″E,77.05371416,12.5144,202.377°
28°33′35″N,28.55968008,77°09′18″E,77.15489259,16.858,162.325°
28°42′27″N,28.707517,76°57′16″E,76.95447665,14.4456,271.543°
28°45′43″N,28.76199718,77°05′55″E,77.09862085,6.4508,356.639°
28°53′12″N,28.88664559,77°08′14″E,77.13713612,20.5826,9.432°
28°52′00″N,28.86678961,76°57′54″E,76.96507941,22.5143,323.52°
28°37′21″N,28.62258648,76°55′57″E,76.9326033,18.8981,241.371°
28°43′15″N,28.72072864,77°09′20″E,77.15555267,5.4959,70.321°
28°51′27″N,28.85740865,76°57′02″E,76.95064853,22.5812,319.074°
28°40′41″N,28.67807295,77°13′06″E,77.21846519,11.6792,104.324°
28°43′20″N,28.72225572,77°12′37″E,77.21028374,10.7064,79.102°
28°29′30″N,28.49171026,77°03′23″E,77.05636829,24.0491,190.808°
28°29′13″N,28.48681737,77°06′38″E,77.11054724,24.1803,178.136°
28°44′57″N,28.74915963,77°16′26″E,77.27395492,17.458,73.276°
28°48′20″N,28.80567263,77°05′27″E,77.09072424,11.3557,354.199°
28°49′23″N,28.82314753,77°00′24″E,77.00659497,16.2102,324.793°
28°47′40″N,28.79434318,77°07′58″E,77.13289485,10.4659,16.444°
28°52′52″N,28.88119274,77°07′51″E,77.13094339,19.8915,8.005°
28°45′59″N,28.76632009,77°04′20″E,77.0721049,7.5287,336.819°
28°36′42″N,28.61153309,77°19′51″E,77.3308434,24.5498,114.741°
28°43′36″N,28.72658178,77°19′40″E,77.32772389,22.1118,83.453°
28°36′13″N,28.60351187,77°06′17″E,77.10463855,11.19,178.931°
28°45′45″N,28.76250143,77°11′48″E,77.19665993,11.2486,54.704°
28°42′59″N,28.71632962,77°15′28″E,77.25768262,15.1994,84.828°
28°48′45″N,28.81253021,77°09′24″E,77.15677243,13.1702,23.678°
28°53′04″N,28.88446182,77°05′24″E,77.08999237,20.098,356.525°
28°39′45″N,28.66243886,77°07′50″E,77.13064254,5.3864,149.342°
28°36′52″N,28.6143412,77°09′14″E,77.153819,11.1695,153.345°
28°44′38″N,28.74395593,77°06′59″E,77.11627259,4.6321,16.855°
28°44′46″N,28.74621822,77°20′47″E,77.34644336,24.2506,78.803°
28°42′43″N,28.71196478,77°10′03″E,77.1676287,6.4135,82.145°
28°37′30″N,28.62490987,77°10′48″E,77.18002314,11.6113,139.32°
28°41′14″N,28.68719769,76°59′32″E,76.99217326,10.9271,260.12°
28°36′35″N,28.60964915,77°06′43″E,77.11208307,10.547,174.91°
28°38′15″N,28.63745462,76°55′17″E,76.92140596,19.1644,247.288°
28°44′16″N,28.73769654,77°12′20″E,77.20544735,10.7145,69.564°
28°41′44″N,28.69555399,77°17′34″E,77.29265062,18.5758,92.888°
28°45′22″N,28.7559904,76°59′12″E,76.98668506,12.6849,297.092°
28°34′25″N,28.57365471,77°00′11″E,77.00297328,17.4615,213.831°
28°37′22″N,28.62285526,76°59′15″E,76.98751294,14.4083,231.185°
28°49′58″N,28.83267468,77°13′09″E,77.21925114,18.2781,38.49°
28°52′15″N,28.8708587,77°04′57″E,77.08247337,18.6504,353.996°
28°37′27″N,28.62425977,77°10′25″E,77.17372218,11.2772,141.931°
28°46′48″N,28.77993508,77°15′23″E,77.25647977,17.2233,60.64°
28°39′47″N,28.6629498,76°52′10″E,76.86957888,23.184,258.67°
28°36′19″N,28.6052699,77°14′20″E,77.23901878,17.2738,129.489°
28°43′01″N,28.71690316,77°08′32″E,77.14210972,4.1181,69.76°
28°53′34″N,28.89276875,77°11′25″E,77.19015839,22.6576,22.133°
28°43′22″N,28.72290597,76°54′44″E,76.91230208,18.6712,276.478°
28°37′41″N,28.62797067,77°03′08″E,77.05219316,9.788,210.118°
28°32′18″N,28.53826356,77°14′44″E,77.24554456,23.1362,142.834°
28°31′26″N,28.52389483,77°13′17″E,77.22147771,23.1669,149.875°
28°38′50″N,28.64722075,77°04′36″E,77.07671806,6.8084,201.693°
28°35′51″N,28.59737525,77°13′53″E,77.23127929,17.2891,133.33°
28°33′31″N,28.55874118,77°17′04″E,77.28452399,24.0245,132.253°
28°42′54″N,28.71488842,77°16′42″E,77.27825541,17.1874,85.954°
28°36′10″N,28.60278879,77°14′15″E,77.23758039,17.3439,130.487°
28°40′22″N,28.6729015,76°52′39″E,76.87759105,22.2176,261.068°
28°39′09″N,28.65238504,77°00′10″E,77.00288023,11.2954,239.411°
28°52′15″N,28.87071354,76°59′36″E,76.9933773,21.3677,330.17°
28°37′35″N,28.62627319,77°17′23″E,77.28961799,20.2094,115.317°
28°44′24″N,28.7398649,77°20′21″E,77.33909496,23.4181,80.163°
28°49′57″N,28.83256968,77°11′05″E,77.18475856,16.386,29.284°
28°36′08″N,28.60225917,77°05′02″E,77.08384269,11.4728,189.138°
28°45′33″N,28.75924822,77°05′07″E,77.08530938,6.3589,344.716°
28°37′14″N,28.62046339,76°57′10″E,76.95275467,17.3242,237.558°
28°34′32″N,28.57567533,76°59′56″E,76.99880008,17.5075,215.349°
28°45′57″N,28.76595469,76°54′08″E,76.90228612,20.7032,289.457°
28°40′34″N,28.67610427,77°08′32″E,77.14212967,4.9646,128.835°
28°43′12″N,28.71986887,77°11′33″E,77.19242484,8.9458,78.672°
28°53′31″N,28.89187109,76°57′57″E,76.96591474,24.7674,327.518°
28°42′07″N,28.70194976,77°14′16″E,77.23763891,13.1862,91.007°
28°44′17″N,28.738088,76°59′07″E,76.98538869,12.0326,288.339°
28°48′45″N,28.81236462,76°58′32″E,76.97555332,17.2693,314.241°
28°47′55″N,28.79874333,76°53′09″E,76.88596354,23.5938,296.55°
28°38′30″N,28.64177335,76°59′22″E,76.98938449,13.0349,237.898°
28°33′41″N,28.56135818,77°17′36″E,77.29340731,24.4829,130.381°
28°37′01″N,28.61689693,76°58′23″E,76.9730454,15.9282,232.518°
28°49′52″N,28.83107248,76°54′20″E,76.90563732,23.8297,306.393°
28°33′41″N,28.56146146,77°08′58″E,77.14954291,16.5165,163.844°
28°48′57″N,28.81573755,76°59′48″E,76.99671992,16.142,320.311°
28°31′59″N,28.53294327,77°11′49″E,77.19689923,21.151,154.143°
28°33′50″N,28.56395987,77°07′30″E,77.12512435,15.743,171.93°
28°42′34″N,28.70935015,77°09′25″E,77.15688504,5.3376,83.706°
28°41′35″N,28.69300943,77°07′40″E,77.12787917,2.7663,116.476°
28°37′49″N,28.63016381,76°54′44″E,76.91229362,20.3027,246.151°
28°37′04″N,28.61791383,77°13′27″E,77.22426126,15.2681,128.863°
28°44′26″N,28.74050068,77°09′03″E,77.15079609,6.2116,49.311°
28°47′33″N,28.79237104,77°05′27″E,77.09088007,9.8832,353.419°
28°44′49″N,28.74694654,76°58′43″E,76.97859528,12.9911,291.551°
28°30′20″N,28.50554424,77°10′44″E,77.17880964,23.3079,161.337°
28°39′47″N,28.66319301,76°52′20″E,76.87220006,22.928,258.609°
28°36′15″N,28.604267,77°14′27″E,77.24082601,17.4809,129.402°
28°39′05″N,28.65132517,77°16′02″E,77.26735849,17.1248,110.006°
28°34′04″N,28.56774434,76°54′38″E,76.9104921,24.1114,231.069°
28°49′45″N,28.82924602,77°11′35″E,77.1931813,16.4901,32.401°
28°41′40″N,28.69444978,77°15′23″E,77.25650331,15.0632,94.049°
28°53′56″N,28.89889659,76°58′42″E,76.97846855,24.8109,330.87°
28°42′32″N,28.70900134,76°57′41″E,76.96134428,13.7813,272.301°
28°46′42″N,28.77833362,77°10′59″E,77.18302206,11.3947,43.544°
28°31′29″N,28.52475393,77°07′44″E,77.12884288,20.1131,172.646°
28°47′25″N,28.79038157,77°13′23″E,77.22308075,15.1778,50.752°
28°44′57″N,28.74919861,77°07′45″E,77.12924308,5.6538,27.468°
28°42′31″N,28.70852672,77°09′48″E,77.16344721,5.9661,85.252°
28°46′30″N,28.77491664,77°03′07″E,77.05190661,9.2945,327.948°
28°41′35″N,28.6930843,77°03′08″E,77.05213529,5.0642,256.011°
28°34′38″N,28.57724097,77°09′16″E,77.15449095,14.995,160.205°
28°45′41″N,28.76136114,77°03′25″E,77.05694315,7.7657,325.11°
28°51′28″N,28.85772049,77°14′26″E,77.24042552,21.7427,38.167°
28°47′19″N,28.78858745,77°03′13″E,77.05370398,10.5333,333.155°
28°46′03″N,28.76751435,77°06′49″E,77.11350576,7.1345,8.65°
28°36′18″N,28.6050302,76°52′23″E,76.8731376,24.9517,243.848°
28°40′06″N,28.66831386,77°04′29″E,77.07468961,4.8173,214.291°
28°36′41″N,28.61142619,76°57′39″E,76.96094099,17.2378,233.309°
28°44′02″N,28.73395281,77°02′06″E,77.03513381,7.3624,296.824°
28°38′13″N,28.63691483,77°13′14″E,77.22067624,13.7421,122.913°
28°46′44″N,28.77882227,76°55′21″E,76.92255035,19.4178,295.385°
28°54′43″N,28.91188921,77°04′38″E,77.07731765,23.2416,353.944°
28°36′56″N,28.6156185,77°17′54″E,77.29831076,21.4961,117.2°
28°30′59″N,28.51642967,77°12′01″E,77.20019694,22.9505,155.416°
28°52′00″N,28.86668497,77°09′57″E,77.16574586,19.1058,18.811°
28°34′46″N,28.57955402,77°07′49″E,77.13036314,14.1173,168.885°
28°30′48″N,28.51321549,77°13′08″E,77.21882446,24.0789,151.826°
28°47′38″N,28.79376147,77°08′06″E,77.13495986,10.463,17.602°
28°36′45″N,28.61244145,77°14′43″E,77.24528136,17.2666,126.154°
28°42′56″N,28.71548258,77°19′15″E,77.32073229,21.3267,86.544°
28°52′14″N,28.87045696,77°07′48″E,77.13006855,18.6974,8.257°
28°40′37″N,28.67707053,77°08′21″E,77.13904158,4.6637,130.129°
28°45′26″N,28.75729061,76°58′27″E,76.97430524,13.8323,295.353°
28°34′02″N,28.56729506,77°00′30″E,77.00840779,17.7738,211.14°
28°39′52″N,28.6645367,77°18′26″E,77.30727354,20.4599,102.371°
28°48′04″N,28.80119656,76°56′35″E,76.94304947,18.9311,304.822°
28°40′04″N,28.66777743,76°57′22″E,76.95599033,14.8556,254.255°
28°39′16″N,28.65454892,77°03′01″E,77.05041258,7.4973,222.696°
28°38′56″N,28.64890428,77°13′00″E,77.21661423,12.7159,118.841°
28°50′49″N,28.84699934,76°56′13″E,76.93684569,22.6592,314.583°
28°36′57″N,28.61591142,77°07′17″E,77.12137602,9.9804,169.358°
28°44′27″N,28.74084798,77°21′11″E,77.35299084,24.7726,80.443°
28°48′59″N,28.81652609,76°55′40″E,76.92780467,21.1309,306.325°
28°38′56″N,28.64886291,77°15′08″E,77.25213243,15.8416,112.784°
28°41′21″N,28.68906497,77°05′45″E,77.09583562,1.7942,201.248°
28°35′56″N,28.59890053,77°02′54″E,77.04844618,12.8354,204.284°
28°42′47″N,28.71306568,77°13′17″E,77.22132521,11.6347,85.055°
28°49′09″N,28.8192922,76°57′51″E,76.96422314,18.5994,313.573°
28°36′11″N,28.60307695,76°53′39″E,76.89407709,23.24,241.136°
28°32′43″N,28.54539055,77°07′49″E,77.13026054,17.8595,171.265°
28°40′35″N,28.67635458,76°51′03″E,76.85084263,24.7476,262.897°
28°53′38″N,28.89399619,77°05′30″E,77.09171499,21.1476,357.153°
28°47′38″N,28.79398616,77°14′42″E,77.24496542,17.1161,54.225°
28°32′49″N,28.54684694,77°03′50″E,77.06396245,17.8908,192.149°
28°54′01″N,28.9002402,77°04′39″E,77.07751459,21.9514,353.637°
28°39′31″N,28.65853464,77°01′37″E,77.02682512,8.9562,235.555°
28°51′08″N,28.85225587,77°11′40″E,77.19445803,18.7595,28.525°
28°30′07″N,28.50181374,76°59′51″E,76.9974299,24.7286,204.539°
28°45′21″N,28.75570273,77°16′29″E,77.27465724,17.745,71.087°
28°32′58″N,28.5493206,76°58′21″E,76.9724814,21.3894,216.434°
28°53′32″N,28.89233485,77°08′37″E,77.1434802,21.3143,10.791°
28°40′11″N,28.66978662,77°06′31″E,77.108551,3.8619,171.205°
28°39′08″N,28.65233989,76°59′47″E,76.99643396,11.8435,240.941°
28°34′29″N,28.57462755,77°16′01″E,77.26705891,21.5739,131.836°
28°42′16″N,28.70456043,76°55′08″E,76.91902134,17.8998,270.208°
28°47′44″N,28.79562146,77°03′01″E,77.05018222,11.3865,333.394°
28°48′27″N,28.80750905,77°04′25″E,77.07373561,11.8389,346.302°
28°55′18″N,28.92167015,77°08′12″E,77.13656331,24.4262,7.803°
28°37′17″N,28.62145143,76°56′08″E,76.93549723,18.7125,240.617°
28°39′24″N,28.65676307,77°04′50″E,77.08044883,5.6878,202.234°
28°32′15″N,28.53760333,77°07′52″E,77.13114441,18.7288,171.405°
28°47′37″N,28.79354951,77°06′42″E,77.11165158,9.9891,5.123°
28°36′04″N,28.60114308,76°57′53″E,76.96472455,17.6629,229.617°
28°43′13″N,28.72016541,77°04′19″E,77.07186703,3.4818,300.886°
28°54′41″N,28.91141838,77°09′19″E,77.15519755,23.6243,12.544°
28°49′12″N,28.82005067,76°56′49″E,76.94695451,19.9083,310.414°
28°42′11″N,28.702973,77°09′47″E,77.16312826,5.9161,91.2°
28°37′27″N,28.62418054,76°52′28″E,76.87442766,23.9681,248.285°
28°50′19″N,28.83854176,77°17′47″E,77.29632923,24.0981,51.599°
28°51′22″N,28.85624436,77°08′47″E,77.14628671,17.4525,14.147°
28°42′08″N,28.70208412,77°13′24″E,77.22335448,11.7926,91.06°
